RODADA;TIME1;TIME2;ÁRBITRO;VAR;BOLA ROLANDO;TEMPO TOTAL;TIRO DE META (TIME1);TIRO DE META (TIME2);FALTAS (TIME1);FALTAS (TIME2);LATERAIS (TIME1);LATERAIS (TIME2);ESCANTEIOS (TIME1);ESCANTEIOS (TIME2);OUTROS (TIME1);OUTROS (TIME2);TOTAL (TIME1);TOTAL (TIME2)
1;SÃO PAULO;SPORT RECIFE;Felipe Fernandes de Lima;Daniel Nobre Bins;53:03;105:40;02:33;08:25;07:08;10:50;05:12;05:20;02:15;01:13;08:41;00:06;25:49;25:54:00
1;CRUZEIRO;MIRASSOL;Alex Gomes Stefano;Rodrigo D'Alonso Ferreira;50:49;102:11;04:53;02:41;13:18;07:58;06:10;04:58;01:14;02:49;01:31;05:16;27:06;23:42
1;GRÊMIO;ATLÉTICO-MG;Raphael Claus;Daiane Muniz;57:21;103:11;05:24;01:33;05:43;08:34;04:04;03:13;00:35;04:56;04:54;05:35;20:40;23:51
1;FORTALEZA;FLUMINENSE;Rodrigo Jose Pereira de Lima;Gilberto Rodrigues Castro Junior;59:00;100:15;10:46;00:36;03:51;07:17;04:13;03:05;03:09;02:41;00;05;21:59;18:39
1;JUVENTUDE;VITÓRIA;Paulo Cesar Zanovelli da Silva;Carlos Eduardo Nunes Braga;54:10;104:23;04:02;00:55;11:02;13:33;07:58;04:57;01:42;02:13;00:22;02:31;25:06;24:09:00
1;FLAMENGO;INTERNACIONAL;Davi De Oliveira Lacerda;Caio Max Augusto Vieira;56:53;99:54;00:15;06:20;07:58;13:35;02:27;05:50;01:55;01:19;01:15;01:16;13:50;28:20:00
1;PALMEIRAS;BOTAFOGO;Ramon Abatti Abel;Wagner Reway;55:07;97:48;02:45;04:33;11:48;09:18;01:59;07:08;01:18;01:19;01:24;00:14;19:14;22:32
1;VASCO DA GAMA;SANTOS;Rafael Rodrigo Klein;Rafael Traci;55:30;98:53;02:47;05:53;05:39;08:12;04:58;05:25;01:25;01:54;04:01;02:23;18:50;23:47
1;BAHIA;CORINTHIANS;Bruno Arleu de Araujo;Rodrigo Nunes de Sa;58:56;100:08;03:13;03:29;10:51;09:25;02:11;03:25;01:40;02:26;00:53;02:46;18:48;21:31
1;RB BRAGANTINO;CEARÁ;Bruno Pereira Vasconcelos;Marco Aurelio Augusto Fazekas Ferreira;57:09;101:09;01:57;09:59;05:32;09:49;01:46;05:09;03:12;00:52;01:51;02:53;14:18;28:42:00
2;CORINTHIANS;VASCO DA GAMA;Anderson Daronco;Rodrigo D'Alonso Ferreira;57:20;103:59;05:29;00:39;08:17;15:12;02:26;03:39;00:30;03:16;00:15;06:23;16:57;29:09:00
2;CEARÁ;GRÊMIO;Edina Alves Batista;Caio Max Augusto Vieira;46:10;98:15;05:57;01:49;15:52;06:13;04:32;02:56;01:42;04:34;04:36;01:11;32:39;16:43
2;BOTAFOGO;JUVENTUDE;Rodrigo Jose Pereira de Lima;Diego Pombo Lopez;56:46;97:03;03:49;02:36;06:27;11:15;03:11;05:34;02:11;01:34;00;02:52;15:38;23:51
2;FLUMINENSE;RB BRAGANTINO;Wilton Pereira Sampaio;Marco Aurelio Augusto Fazekas Ferreira;56:17;98:53;03:42;02:52;05:51;06:46;05:17;04:11;02:48;02:24;05:31;03:05;23:09;19:18
2;ATLÉTICO-MG;SÃO PAULO;Ramon Abatti Abel;Wagner Reway;52:40;103:43;00:45;05:08;11:22;13:44;00:55;06:09;05:46;01:56;00:36;03:24;19:24;30:21:00
2;INTERNACIONAL;CRUZEIRO;Marcelo de Lima Henrique;Daiane Muniz;56:13;100:23;01:49;02:10;11:46;12:29;02:54;04:05;03:24;01:06;00;04:54;19:53;24:44:00
2;VITÓRIA;FLAMENGO;Rafael Rodrigo Klein;Rafael Traci;64:11;98:55;04:03;00:56;06:43;03:43;02:27;02:47;01:21;04:02;03:36;04:27;18:10;15:55
2;SPORT RECIFE;PALMEIRAS;Bruno Arleu de Araujo;Rodrigo Nunes de Sa;48:00;104:11;05:10;02:42;10:05;11:32;03:29;07:40;02:35;01:22;02:17;08:29;23:36;31:45:00
2;MIRASSOL;FORTALEZA;Savio Pereira Sampaio;Daniel Nobre Bins;52:50;103:14;00:55;07:42;05:08;12:11;03:39;06:07;02:56;01:38;06:47;02:27;19:25;30:05:00
2;SANTOS;BAHIA;Alex Gomes Stefano;Gilberto Rodrigues Castro Junior;55:59;104:04;02:13;06:21;07:28;09:50;02:15;06:42;03:41;01:20;04:30;02:51;20:07;27:04:00
3;RB BRAGANTINO;BOTAFOGO;Anderson Daronco;Daniel Nobre Bins;55:40;100:11;05:49;01:10;07:49;07:59;06;05:07;01:17;03:57;00:40;03:30;21:35;21:43
3;JUVENTUDE;CEARÁ;Lucas Casagrande;Ilbert Estevam da Silva;49:37;105:35;03:41;05:30;08:29;11:17;03:28;08:01;02:51;01;06:48;03:51;25:17;29:39:00
3;PALMEIRAS;CORINTHIANS;Rafael Rodrigo Klein;Wagner Reway;50:37;99:04;03:16;03:42;10:56;12:17;08:55;03:12;00:40;01:08;00:59;02:37;24:46;22:56
3;VASCO DA GAMA;SPORT RECIFE;Wilton Pereira Sampaio;Caio Max Augusto Vieira;54:37;99:04;06:10;02:48;06:47;05:16;05:51;03:30;00:35;03:39;01:28;07:35;20:51;22:48
3;BAHIA;MIRASSOL;Braulio da Silva Machado;Rodrigo D'Alonso Ferreira;54:12;101:08;00:56;06:14;07:20;10:03;01:18;04:59;05:01;01:19;03:41;05:30;18:16;28:05:00
3;SÃO PAULO;CRUZEIRO;Rodrigo Jose Pereira de Lima;Gilberto Rodrigues Castro Junior;47:45;100:13;03:32;07:09;09:59;11:20;02:53;08:14;01:22;04:21;01:28;01:12;19:14;32:16:00
3;GRÊMIO;FLAMENGO;Ramon Abatti Abel;Marco Aurelio Augusto Fazekas Ferreira;62:36;98:45;01:43;04:11;05:32;04:07;04:04;06:57;01:12;02:28;02:39;02:39;15:10;20:22
3;FLUMINENSE;SANTOS;Felipe Fernandes de Lima;Rafael Traci;55:37;102:31;00:57;04:45;12;10:06;05:03;04:35;01:18;01:42;04:07;01:37;23:25;22:45
3;FORTALEZA;INTERNACIONAL;Flavio Rodrigues de Souza;Diego Pombo Lopez;51:55;97:55;02:06;06:25;08:29;10:54;03:41;05:47;03:36;02:31;00:01;01:47;17:53;27:24:00
3;ATLÉTICO-MG;VITÓRIA;Davi De Oliveira Lacerda;Carlos Eduardo Nunes Braga;54:56;100:46;01:02;06:01;05:56;05:32;02:02;10:30;05:02;01:15;02:37;04:44;16:39;28:02:00
4;CEARÁ;VASCO DA GAMA;Denis da Silva Ribeiro Serafim;Rodolpho Toski Marques;56:51;104:04;03:16;03:50;09:29;06:23;03:52;07:11;00:38;01:43;03:20;06:51;20:35;25:58:00
4;BOTAFOGO;SÃO PAULO;Davi De Oliveira Lacerda;Rodrigo D'Alonso Ferreira;58:53;112:52;03:10;10:55;06:43;09:50;05:29;03:52;03:21;02:23;04:15;03:22;22:58;30:22:00
4;MIRASSOL;GRÊMIO;Lucas Paulo Torezin;Carlos Eduardo Nunes Braga;59:56;99:40;04:54;03:50;07:43;03:57;02:57;01:26;01:21;02:14;06:08;04:33;23:03;16:00
4;SPORT RECIFE;RB BRAGANTINO;Paulo Cesar Zanovelli da Silva;Wagner Reway;56:16;102:30;03:26;07:02;06:47;09;05:21;04:58;03:10;01:36;01:53;02:10;20:37;24:46:00
4;INTERNACIONAL;PALMEIRAS;Felipe Fernandes de Lima;Caio Max Augusto Vieira;56:40;102:48;01:21;01:36;13:40;06:26;07:16;04:57;00:25;03:04;04:03;02:30;26:45;18:33
4;CORINTHIANS;FLUMINENSE;Rodrigo Jose Pereira de Lima;Marco Aurelio Augusto Fazekas Ferreira;54:26;100:24;00:55;05:34;04:48;07:33;03:46;08:25;03:17;02:10;04:41;03:58;17:27;27:40:00
4;SANTOS;ATLÉTICO-MG;Braulio da Silva Machado;Daniel Nobre Bins;54:07;101:53;08:03;01:08;12:12;08:56;04:14;02:10;01:54;02:49;00:28;03:10;26:51;18:13
4;VITÓRIA;FORTALEZA;Raphael Claus;Thiago Duarte Peixoto;59:44;95:55;03:11;01:19;08:20;06:41;03:59;03:30;01:41;02:11;01;03:35;18:11;17:16
4;FLAMENGO;JUVENTUDE;Matheus Delgado Candançan;Rafael Traci;54:25;91:52;00:46;06:05;05:07;05:24;01:48;01:57;02:32;00;05:05;08:11;15:18;21:37
4;CRUZEIRO;BAHIA;Flavio Rodrigues de Souza;Gilberto Rodrigues Castro Junior;49:09;102:05;05:02;06:54;04:28;10:01;06:25;04:35;04:39;01:42;02:55;05:24;23:29;28:36:00
5;CORINTHIANS;SPORT RECIFE;Anderson Daronco;Rafael Traci;51:41;97:10;04:49;07:07;06:06;07:05;06:02;04:12;02:43;01:27;01:05;04:05;20:45;23:56
5;VASCO DA GAMA;FLAMENGO;Raphael Claus;Marco Aurelio Augusto Fazekas Ferreira;54:41;98:10;07:02;02:46;08:16;06:26;05:33;03:07;01:10;05:45;00:42;01:59;22:43;20:03
5;GRÊMIO;INTERNACIONAL;Braulio da Silva Machado;Wagner Reway;47:38;108:13;05:10;01:04;15:47;07:55;09:48;06:44;02:30;03:13;01:16;06:16;34:31;25:12:00
5;JUVENTUDE;MIRASSOL;Paulo Belence Alves dos Prazeres Filho;Caio Max Augusto Vieira;51:58;104:09;03:01;04:37;05:09;09;09:56;04:42;02:33;01:31;02:24;08:22;23:03;28:12:00
5;ATLÉTICO-MG;BOTAFOGO;Ramon Abatti Abel;Rodolpho Toski Marques;51:03;102:42;02:36;03:44;12:21;11:17;06:41;03:33;03:08;01:43;00:31;05:13;25:17;25:30:00
5;SÃO PAULO;SANTOS;Wilton Pereira Sampaio;Carlos Eduardo Nunes Braga;49:12;103:14;06:24;02:26;14:07;09:36;06:28;03:14;01:53;02:39;00:37;05:40;29:29;23:35
5;FLUMINENSE;VITÓRIA;Matheus Delgado Candançan;Marcio Henrique de Gois;62:20;96:51;01:20;03:51;06:08;05:42;04:51;02:48;03:23;02:48;01:44;01:15;17:26;16:24
5;FORTALEZA;PALMEIRAS;Paulo Cesar Zanovelli da Silva;Paulo Renato Moreira da Silva Coelho;50:20;101:25;02:16;06:33;06:38;11:51;03:01;05:08;04:11;01:15;07:26;01:52;23:32;26:39:00
5;RB BRAGANTINO;CRUZEIRO;Alex Gomes Stefano;Diego Pombo Lopez;54:20;106:00;04:02;03:06;15:41;08:30;07:32;04:38;02:12;04:14;00;01:10;29:27;21:38
5;BAHIA;CEARÁ;Rafael Rodrigo Klein;Daniel Nobre Bins;55:57;111:52;04:27;05:18;07:31;12:22;03:11;05:53;01:23;02:19;06:36;06:07;23:08;31:59:00
6;INTERNACIONAL;JUVENTUDE;Flavio Rodrigues de Souza;Ilbert Estevam da Silva;46:13;101:32;02:25;02:54;08:11;16;06:57;03:55;05:48;01;01:24;05:03;24:45;28:52:00
6;CEARÁ;SÃO PAULO;Anderson Daronco;Diego Pombo Lopez;47:51;100:32;04:04;04:31;15:41;08:13;05:06;07:58;01:36;01:16;02:13;01:13;28:40;23:11
6;MIRASSOL;ATLÉTICO-MG;Davi De Oliveira Lacerda;Paulo Renato Moreira da Silva Coelho;51:41;104:54;05:35;03:21;08:44;05:21;02:55;04:25;06:07;03:31;05:06;05:57;28:27;22:35
6;SPORT RECIFE;FORTALEZA;Matheus Delgado Candançan;Rodolpho Toski Marques;56:30;103:22;00:18;04:57;04:22;07:03;02:31;15:53;05:40;03:37;00:50;00:55;13:41;32:25:00
6;BOTAFOGO;FLUMINENSE;Bruno Arleu de Araujo;Marco Aurelio Augusto Fazekas Ferreira;61:48;99:37;02:33;04:35;05:47;09:45;03:10;04;03:57;00:36;00:02;03;15:29;21:56
6;FLAMENGO;CORINTHIANS;Ramon Abatti Abel;Rodrigo D'Alonso Ferreira;56:11;94:49;00:31;02:08;06:44;07:07;02:11;01:42;05:16;01:50;06:02;04:27;20:44;17:14
6;PALMEIRAS;BAHIA;Wilton Pereira Sampaio;Wagner Reway;56:09;99:04;01:45;09:18;07:58;09:07;05:28;02:09;02:34;01:56;01:22;00:34;19:07;23:04
6;CRUZEIRO;VASCO DA GAMA;Rafael Rodrigo Klein;Thiago Duarte Peixoto;51:12;98:46;04:23;03:24;06:36;10:09;06:33;05:27;02:13;05:28;00:23;02:08;20:08;26:36:00
6;VITÓRIA;GRÊMIO;Felipe Fernandes de Lima;Rafael Traci;53:07;98:47;02:46;05:11;08:56;13:19;03:43;05:13;02:27;01:38;01:08;00;19;25:21:00
6;SANTOS;RB BRAGANTINO;Raphael Claus;Daniel Nobre Bins;48:07;97:06;04:24;05;10:58;10:44;03:23;03:52;02:53;04:29;02:36;00:47;24:14;24:52:00
7;SÃO PAULO;FORTALEZA;Wagner do Nascimento Magalhaes;Marco Aurelio Augusto Fazekas Ferreira;51:12;100:10;02:33;02:55;08:55;09:38;05:05;02:26;02:28;07:38;05:36;01;24:37;23:37
7;FLUMINENSE;SPORT RECIFE;Rafael Rodrigo Klein;Daniel Nobre Bins;54:45;101:10;01:07;05:28;08:41;04:45;03:30;07:56;03:54;03:37;04:14;02:14;21:26;24:00:00
7;CORINTHIANS;INTERNACIONAL;Paulo Cesar Zanovelli da Silva;Paulo Renato Moreira da Silva Coelho;50:59;108:10;02:34;06:32;06:42;15:11;04:11;01:54;01:23;02:53;08:40;06:22;23:30;32:52:00
7;CEARÁ;VITÓRIA;Alex Gomes Stefano;Adriano de Assis Miranda;47:45;101:55;04:37;04:16;19:29;08:28;04:56;05:57;01:33;01:38;01:10;01:08;31:45;21:27
7;BAHIA;BOTAFOGO;Flavio Rodrigues de Souza;Thiago Duarte Peixoto;61:21;103:45;03:43;01:38;09:26;11:06;05:20;04:17;01:41;01:11;00:34;02:42;20:44;20:54
7;GRÊMIO;SANTOS;Bruno Arleu de Araujo;Gilberto Rodrigues Castro Junior;52:20;97:01;04:49;01:33;13:13;06:52;05:32;05:28;01:31;03:35;00:01;01:22;25:06;18:50
7;VASCO DA GAMA;PALMEIRAS;Davi De Oliveira Lacerda;Rafael Traci;51:38;98:57;08:28;03:09;06:56;07:54;02:41;03:16;02:53;07:22;02:28;01:16;23:26;22:57
7;CRUZEIRO;FLAMENGO;Wilton Pereira Sampaio;Wagner Reway;56:40;100:15;03;01:32;05:28;09:02;05:54;03:50;03:15;02:55;03:18;04:37;20:55;21:56
7;RB BRAGANTINO;MIRASSOL;Lucas Canetto Bellote;Ilbert Estevam da Silva;59:54;99:31;03:34;07:24;05:30;06:19;02:52;05:40;01:34;02:31;01:11;02:15;14:41;24:09:00
7;JUVENTUDE;ATLÉTICO-MG;Bruno Pereira Vasconcelos;Diego Pombo Lopez;54:21;106:53;02:34;03:55;08:46;16:09;06:36;07:46;01:06;02:07;02:40;00;21:42;29:57:00
8;FORTALEZA;JUVENTUDE;Lucas Paulo Torezin;Rodrigo D'Alonso Ferreira;45:50;93:04;02:09;02:01;09:52;03:31;06:59;08:27;02:51;01:59;00;08:32;21:51;24:30:00
8;MIRASSOL;CORINTHIANS;Joao Vitor Gobi;Marcio Henrique de Gois;50:56;106:16;04:05;03:52;11:03;10:54;03:19;02:52;01:44;01:59;03:38;11:07;23:49;30:44:00
8;GRÊMIO;RB BRAGANTINO;Davi De Oliveira Lacerda;Caio Max Augusto Vieira;51:18;98:05;04:32;03:40;10:14;07:26;05:44;06:09;02:42;02:10;01:56;01:20;25:08;20:45
8;VITÓRIA;VASCO DA GAMA;Wilton Pereira Sampaio;Daniel Nobre Bins;59:16;100:57;03:23;02:28;08:17;08:08;04:21;01:22;04:45;01:22;01:39;05:18;22:25;18:38
8;FLAMENGO;BAHIA;Anderson Daronco;Rafael Traci;59:09;106:05;05:17;05:32;05:25;07:51;04:20;02:16;03:16;01:51;05:55;04:29;24:13;21:59
8;SPORT RECIFE;CRUZEIRO;Raphael Claus;Diego Pombo Lopez;53:51;93:47;01:11;06:10;02:23;05:48;06:33;04:29;02:13;02:09;08:13;00;20:33;18:36
8;PALMEIRAS;SÃO PAULO;Rafael Rodrigo Klein;Ilbert Estevam da Silva;51:37;104:25;00:34;07:46;09:48;08:18;06:54;06:03;06:11;00:30;01:10;04:47;24:37;27:24:00
8;ATLÉTICO-MG;FLUMINENSE;Ramon Abatti Abel;Wagner Reway;56:00;98:32;01:12;04:50;03:12;11:14;04:10;06:12;03:59;00;02:05;04:52;14:38;27:08:00
8;BOTAFOGO;INTERNACIONAL;Matheus Delgado Candançan;Marco Aurelio Augusto Fazekas Ferreira;55:01;96:12;06:13;03:31;02:51;05:50;07:10;04:31;00:56;03:34;00;05:44;17:10;23:10
8;SANTOS;CEARÁ;Felipe Fernandes de Lima;Paulo Renato Moreira da Silva Coelho;50:39;100:47;03:55;06:30;10:02;08:38;05:35;03:09;04:37;03:37;03:07;00:02;27:16;21:56
9;CEARÁ;SPORT RECIFE;Gustavo Ervino Bauermann;Marco Aurelio Augusto Fazekas Ferreira;50:08;99:45;04:46;03:33;10:18;07:08;05:01;05:11;02:23;03:55;03:06;03:18;25:34;23:05
9;VASCO DA GAMA;FORTALEZA;Anderson Daronco;Marcio Henrique de Gois;52:59;100:55;04:50;03:20;11:20;07:45;04:40;03:39;02:08;02:48;03:12;03:39;26:10;21:11
9;SÃO PAULO;GRÊMIO;Rodrigo Jose Pereira de Lima;Paulo Renato Moreira da Silva Coelho;53:16;107:33;00;04:25;07:36;09:24;06:02;08:55;03:41;01:41;08:39;03:01;25:58;27:26:00
9;CORINTHIANS;SANTOS;Raphael Claus;Caio Max Augusto Vieira;51:21;98:27;02:40;02:39;10:14;08:17;06:32;06:21;03:04;01:23;00;05:13;22:30;23:53
9;BAHIA;VITÓRIA;Ramon Abatti Abel;Wagner Reway;46:32;103:54;06:52;00:39;21:01;06:14;02:14;07:46;00:34;06:22;03:04;01:38;33:45;22:39
9;JUVENTUDE;FLUMINENSE;Wilton Pereira Sampaio;Thiago Duarte Peixoto;51:47;101:37;05:35;02:24;07:59;12:21;04:22;06:48;02:48;03:37;01:27;01:38;22:11;26:48:00
9;FLAMENGO;BOTAFOGO;Bruno Arleu de Araujo;Ilbert Estevam da Silva;56:53;98:23;02:28;04:03;10:16;04:42;03:34;07:19;03:13;01:43;00;03:23;19:31;21:10
9;RB BRAGANTINO;PALMEIRAS;Marcelo de Lima Henrique;Adriano de Assis Miranda;48:05;97:57;02:55;04:14;07:19;08:05;05:37;04:31;06:17;04:07;03:33;02:20;25:41;23:17
9;CRUZEIRO;ATLÉTICO-MG;Flavio Rodrigues de Souza;Rafael Traci;43:44;98:18;01:23;04:26;09:08;10:47;07:14;08:07;09:18;00:27;00:14;02:26;27:17;26:13:00
9;INTERNACIONAL;MIRASSOL;Wagner do Nascimento Magalhaes;Rodrigo D'Alonso Ferreira;60:56;104:22;02:01;06:04;04:37;10:18;07:38;04:56;02:05;01:33;02:22;01;18:43;23:51
10;FLUMINENSE;VASCO DA GAMA;Rodrigo Jose Pereira de Lima;Jose Claudio Rocha Filho;53:09;100:05;02:54;03:16;09:31;07:36;06:07;05:01;02:01;01:12;05:32;03:01;26:05;20:06
10;SÃO PAULO;MIRASSOL;Alex Gomes Stefano;Diego Pombo Lopez;57:03;100:03;01:43;02:37;09:24;07:29;05:23;05:35;03:38;02:38;02:16;01:28;22:24;19:47
10;ATLÉTICO-MG;CORINTHIANS;Rafael Rodrigo Klein;Daniel Nobre Bins;52:26;103:52;02:58;05:26;08:22;19:21;02:36;06:24;00:22;00:31;02:13;02:15;16:31;33:57:00
10;GRÊMIO;BAHIA;Bruno Arleu de Araujo;Marco Aurelio Augusto Fazekas Ferreira;53:57;106:42;06:51;02:57;08:36;08:49;00:37;02:15;02;08:36;10:24;00:55;28:28;23:32
10;PALMEIRAS;FLAMENGO;Ramon Abatti Abel;Wagner Reway;53:01;105:15;00:29;04:02;06:48;08:16;04:57;06:13;01:18;01:37;08:45;08:58;22:17;29:06:00
10;SPORT RECIFE;INTERNACIONAL;Davi De Oliveira Lacerda;Ilbert Estevam da Silva;56:35;105:13;05:55;06:05;09:17;05:21;06:14;03:59;03:47;01:47;03:57;01:21;29:10;18:33
10;VITÓRIA;SANTOS;Anderson Daronco;Paulo Renato Moreira da Silva Coelho;52:08;98:11;02:39;06:41;08:01;12:26;03:48;04:15;01:51;02:47;01:05;01:37;17:24;27:46:00
10;FORTALEZA;CRUZEIRO;Joao Vitor Gobi;Thiago Duarte Peixoto;57:10;98:48;01:25;02:30;05:46;10:28;06:16;03:48;02:19;04:26;03:59;00;19:45;21:12
10;RB BRAGANTINO;JUVENTUDE;Lucas Casagrande;Rafael Traci;51:13;105:30;02:53;04:01;12:16;08:31;02:05;12:03;02:46;02:16;03:16;03:17;23:16;30:08:00
10;BOTAFOGO;CEARÁ;Edina Alves Batista;Charly Wendy Straub Deretti;54:52;104:32;03:07;02:21;11:54;06:50;04:21;04:03;03:19;00;06:43;06:17;29:24;19:31
11;BAHIA;SÃO PAULO;Anderson Daronco;Rafael Traci;50:51;102:21;02:37;04:21;10:27;11:49;03:52;01:55;02:21;01:54;02:21;09:12;21:38;29:11:00
11;VASCO DA GAMA;RB BRAGANTINO;Paulo Cesar Zanovelli da Silva;Gilberto Rodrigues Castro Junior;62:09;98:08;00;06:54;03:45;07:47;04:31;04:35;02:37;00:51;03:49;00:25;14:42;20:32
11;MIRASSOL;SPORT RECIFE;Lucas Casagrande;Emerson de Almeida Ferreira;53:40;105:01;03:15;01:06;13:27;05:47;06:48;07:16;00:26;03:22;04:22;04:39;28:18;22:10
11;SANTOS;BOTAFOGO;Davi De Oliveira Lacerda;Daniel Nobre Bins;55:01;99:40;02:31;07:54;12:07;07:31;02:49;03:24;02:41;03:31;01:30;00;21:38;22:20
11;JUVENTUDE;GRÊMIO;Raphael Claus;Ilbert Estevam da Silva;50:47;103:07;02:34;04:38;05:24;13:21;05:08;05:32;01:11;03:47;02:41;07:02;16:58;34:20:00
11;FLAMENGO;FORTALEZA;Gustavo Ervino Bauermann;Jose Claudio Rocha Filho;58:11;91:57;02:16;03:53;05:57;06:51;01:37;02:45;01:14;01:18;00:55;06:21;11:59;21:08
11;CORINTHIANS;VITÓRIA;Felipe Fernandes de Lima;Caio Max Augusto Vieira;56:26;101:09;00:58;08:01;09:31;07:26;05:19;05:58;03:05;01:51;00;01:37;18:53;24:53:00
11;CEARÁ;ATLÉTICO-MG;Alex Gomes Stefano;Rodrigo Guarizo Ferreira do Amaral;54:05;103:15;03:51;03:48;08:34;14:25;04:09;02:29;05;03:57;02:09;00;23:43;24:39:00
11;CRUZEIRO;PALMEIRAS;Rodrigo Jose Pereira de Lima;Paulo Renato Moreira da Silva Coelho;47:17;98:46;05:18;02:38;10:04;07:04;05:47;06:02;02:58;05:08;01:46;03:43;25:53;24:35:00
11;INTERNACIONAL;FLUMINENSE;Lucas Paulo Torezin;Diego Pombo Lopez;59:37;98:26;01:51;04;03:36;06:25;05:02;08:56;03:27;00:30;04;00:16;17:56;20:07
12;RB BRAGANTINO;BAHIA;Lucas Paulo Torezin;Rodolpho Toski Marques;63:44;102:43;06:32;03:07;02:59;06:52;05:39;04:33;03:08;00:21;05:10;00;23:28;14:53
12;VITÓRIA;CRUZEIRO;Alex Gomes Stefano;Rodrigo Guarizo Ferreira do Amaral;42:11;104:59;04:47;02:07;20:57;13:07;06:47;07:44;04:40;01:27;00:08;00;37:19;24:25:00
12;FORTALEZA;SANTOS;Paulo Cesar Zanovelli da Silva;Rafael Traci;49:49;99:51;01:57;05:33;07:13;11:12;03:33;03:13;05:30;00;09:02;01:49;27:15;21:47
12;GRÊMIO;CORINTHIANS;Davi De Oliveira Lacerda;Rodrigo D'Alonso Ferreira;55:35;100:04;01:13;01:51;09:47;09:36;03:15;08:26;01:48;03:27;02:13;02:10;18:16;25:30:00
12;ATLÉTICO-MG;INTERNACIONAL;Flavio Rodrigues de Souza;Ilbert Estevam da Silva;51:08;98:32;04:28;02:35;07:32;10:26;04:42;04:43;03:33;02:30;02:54;02:40;23:09;22:54
12;SÃO PAULO;VASCO DA GAMA;Rafael Rodrigo Klein;Caio Max Augusto Vieira;55:23;97:12;02:40;02:55;04:48;12:37;04:17;03:23;02:15;01:22;06:13;00:32;20:13;20:49
12;BOTAFOGO;MIRASSOL;Bruno Pereira Vasconcelos;Emerson de Almeida Ferreira;50:36;101:05;02:08;06:02;10:14;10:21;02:37;05:05;03:51;03:11;02:23;03:53;21:13;28:32:00
12;PALMEIRAS;JUVENTUDE;Davi De Oliveira Lacerda;Rodolpho Toski Marques;52:47;97:40;05:03;02:24;07:03;04:21;04:56;05:55;03:35;00;03:13;07:34;23:50;20:14
12;FLUMINENSE;CEARÁ;Flavio Rodrigues de Souza;Rodrigo D'Alonso Ferreira;53:21;104:47;06:29;02:29;07:36;10:54;06:18;03:52;06:12;03:19;01:30;01:57;28:05;22:31
13;FLAMENGO;SÃO PAULO;Wilton Pereira Sampaio;Braulio da Silva Machado;43:48;101:26;01:02;02:21;05:08;06:33;06:16;02:18;02:35;00:42;01:47;07:41;16:48;19:35
13;INTERNACIONAL;VITÓRIA;Rodrigo Jose Pereira de Lima;Rodrigo Nunes de Sa;61:22;98:05;01:01;06:24;04:29;10:27;03:30;03:37;00:53;03:32;00:02;02:04;09:55;26:04:00
13;VASCO DA GAMA;BOTAFOGO;Anderson Daronco;Wagner Reway;57:58;101:00;02:28;01:33;10:29;10:36;03:04;05:06;01:36;01:58;02:51;02:38;20:28;21:51
13;BAHIA;ATLÉTICO-MG;Davi De Oliveira Lacerda;Caio Max Augusto Vieira;52:25;102:51;06:10;04:34;13:01;07:51;05:18;03:02;01:40;03:41;01:10;03:05;27:19;22:13
13;CORINTHIANS;RB BRAGANTINO;Bruno Arleu de Araujo;Rafael Traci;54:34;104:08;01:13;04:01;07:07;11:49;02:52;05:44;05:26;00:57;01:03;08:38;17:41;31:09:00
13;FORTALEZA;CEARÁ;Raphael Claus;Rodrigo D'Alonso Ferreira;45:32;101:05;04:38;05:17;09;12:50;02:58;09:29;01:16;02:53;01:47;04:34;19:39;35:03:00
13;CRUZEIRO;GRÊMIO;Lucas Paulo Torezin;Thiago Duarte Peixoto;49:32;98:52;02:18;02:47;07:26;07:14;04:54;02:47;05:14;02:15;02:30;11:07;22:22;26:10:00
13;JUVENTUDE;SPORT RECIFE;Jefferson Ferreira de Moraes;Adriano de Assis Miranda;54:36;102:07;04:34;01:15;14:48;09:52;05:49;03:13;00:26;03:20;00;03:30;25:37;21:10
13;MIRASSOL;FLUMINENSE;Rodrigo Jose Pereira de Lima;Caio Max Augusto Vieira;47:54;101:37;04:01;03:46;12:32;11:36;04:06;04:49;02:28;03:08;01:11;05:18;24:18;28:37:00
14;PALMEIRAS;MIRASSOL;Savio Pereira Sampaio;Jose Claudio Rocha Filho;50:46;98:00;01:23;03:12;09:16;09:52;03:52;06:16;03:17;02:04;02:30;04:36;20:18;26:00:00
14;CEARÁ;CORINTHIANS;Paulo Cesar Zanovelli da Silva;Paulo Renato Moreira da Silva Coelho;53:30;99:59;01:43;04:35;07:13;12:18;05:42;04:37;03:29;01:36;04:20;00:08;22:27;23:14
14;SANTOS;FLAMENGO;Felipe Fernandes de Lima;Caio Max Augusto Vieira;56:22;97:00;02:17;00:54;07:41;09:22;03:58;04:58;02:09;03:49;00;04:03;16:05;23:06
14;RB BRAGANTINO;SÃO PAULO;Alex Gomes Stefano;Marcio Henrique de Gois;57:38;99:10;03:25;04:10;04:13;04:57;04:48;05:27;02:54;02:17;05:51;02:37;21:11;19:28
14;BOTAFOGO;VITÓRIA;Lucas Casagrande;Emerson de Almeida Ferreira;59:18;96:58;01:27;07:40;07:24;06:53;02:22;04:27;02:11;02:36;00;01:54;13:24;23:30
14;FLUMINENSE;CRUZEIRO;Rafael Rodrigo Klein;Braulio da Silva Machado;60:58;98:49;01:36;07:50;05:11;08:25;04:01;01:46;02:47;01:14;02:49;01:34;16:24;20:49
14;GRÊMIO;FORTALEZA;Alex Gomes Stefano;Charly Wendy Straub Deretti;52:30;101:55;03:25;02:43;12:30;07:51;03:54;02:27;01:25;03:10;09:06;01:58;30:20;18:09
14;JUVENTUDE;VASCO DA GAMA;Matheus Delgado Candançan;Marco Aurelio Augusto Fazekas Ferreira;60:44;97:33;06:19;01:40;05:10;02:51;04:56;04:25;00:45;02:54;03:24;02:35;20:34;14:25
14;ATLÉTICO-MG;SPORT RECIFE;Alex Gomes Stefano;Daniel Nobre Bins;52:06;97:55;09:37;00:55;04:56;05:30;02:50;04:23;03:57;04:34;03;05:32;24:20;20:54
14;BAHIA;INTERNACIONAL;Flavio Rodrigues de Souza;Wagner Reway;56:02;104:21;02:42;04:38;10:04;06:10;05:13;06:32;06:20;02:19;02:20;01:14;26:39;20:53
15;FORTALEZA;BAHIA;Wilton Pereira Sampaio;Rodrigo Nunes de Sa;51:09;101:08;07:41;02:47;08:30;09:23;02:45;02:30;05:04;02:15;06:50;01:32;30:50;18:27
15;VASCO DA GAMA;GRÊMIO;Felipe Fernandes de Lima;Marcio Henrique de Gois;51:55;103:24;00:55;06:01;09:34;14:09;04:40;04:30;05:36;01:24;01:25;02:28;22:10;28:32:00
15;MIRASSOL;SANTOS;Matheus Delgado Candançan;Rodrigo Guarizo Ferreira do Amaral;53:04;100:32;04:46;01:35;07:25;10:38;06:47;02:49;04:40;00:34;00:06;07:19;23:44;22:55
15;SÃO PAULO;CORINTHIANS;Anderson Daronco;Daniel Nobre Bins;57:35;102:03;05:22;01:59;06:38;07:34;04:36;02:41;04:03;02:39;05:12;02:56;25:51;17:49
15;INTERNACIONAL;CEARÁ;Davi De Oliveira Lacerda;Gilberto Rodrigues Castro Junior;53:25;99:15;01:57;01:26;08:45;12:24;05:13;06:39;02:22;02;00:22;03:40;18:39;26:09:00
15;VITÓRIA;RB BRAGANTINO;Rodrigo Jose Pereira de Lima;Charly Wendy Straub Deretti;56:23;99:12;11:09;00:55;07:52;06:52;04:28;02:54;01:06;02:16;00:19;04:16;24:54;17:13
15;CRUZEIRO;JUVENTUDE;Lucas Casagrande;Wagner Reway;44:29;100:55;01:38;05;08:21;08:29;07:43;03:22;05:15;01:37;04:25;09:46;27:22;28:14:00
15;PALMEIRAS;ATLÉTICO-MG;Alex Gomes Stefano;Caio Max Augusto Vieira;46:17;100:40;02:31;00:57;12:06;15:17;04:48;04:28;04:18;00;01:53;07:17;25:36;27:59:00
15;SPORT RECIFE;BOTAFOGO;Flavio Rodrigues de Souza;Thiago Duarte Peixoto;55:15;98:11;04:56;01:52;07:07;03:59;03:14;07:18;03:26;03:11;03:50;03:14;22:33;19:34
15;FLAMENGO;FLUMINENSE;Raphael Claus;Rodolpho Toski Marques;57:16;94:56;01:46;04:43;03:56;10:33;02:41;04:34;04:14;01:34;01:08;01:45;13:45;23:09
16;CEARÁ;MIRASSOL;Lucas Casagrande;Rodolpho Toski Marques;56:10;104:18;00:07;06:52;02:58;11:37;03:28;05:47;06:54;04:01;05:20;00:11;18:47;28:28:00
16;FLUMINENSE;PALMEIRAS;Ramon Abatti Abel;Gilberto Rodrigues Castro Junior;55:03;105:36;02:02;06:58;07:37;06:56;04:17;03:35;04:05;02:11;06:23;05:41;24:24;25:21:00
16;CORINTHIANS;CRUZEIRO;Alex Gomes Stefano;Braulio da Silva Machado;51:51;99:01;02:17;02:49;08:57;12:20;05:02;06:11;02:28;01:03;01:44;03:20;20:28;25:43:00
16;SANTOS;INTERNACIONAL;Lucas Paulo Torezin;Marco Aurelio Augusto Fazekas Ferreira;51:09;99:14;01:08;06:17;04:13;11:09;01:55;07:27;03:55;00:52;03:11;07:04;14:22;32:49:00
16;RB BRAGANTINO;FLAMENGO;Davi De Oliveira Lacerda;Caio Max Augusto Vieira;54:05;96:33;04:26;02:03;11:47;07:16;03:05;05:19;01:05;01:13;03;02:29;23:23;18:20
16;VITÓRIA;SPORT RECIFE;Lucas Canetto Bellote;Marcio Henrique de Gois;50:50;102:15;05:12;03:54;09:04;06:15;03:38;03:43;03:56;04:57;03:22;06:34;25:12;25:23:00
16;JUVENTUDE;SÃO PAULO;Savio Pereira Sampaio;Igor Junio Benevenuto de Oliveira;53:30;98:00;04:33;02:38;05:09;08:03;08:16;05:05;02:18;04:15;02:56;00:23;23:12;20:24
16;GRÊMIO;BOTAFOGO;Lucas Paulo Torezin;Ilbert Estevam da Silva;60:37;100:25;02:15;04:45;05:02;05:43;03:51;03:30;03:25;00:35;08:58;00:56;23:31;15:29
16;VASCO DA GAMA;BAHIA;Joao Vitor Gobi;Gilberto Rodrigues Castro Junior;45:49;102:57;04:33;04:54;16:48;13:25;01:52;03;06:51;00:56;01:20;02:50;31:24;25:05:00
17;MIRASSOL;VITÓRIA;Bruno Arleu de Araujo;Caio Max Augusto Vieira;50:57;96:48;04:14;05:48;06:27;07:04;05:08;03:56;05:33;02:33;01:46;02:32;23:08;21:53
17;BOTAFOGO;CORINTHIANS;Rodrigo Jose Pereira de Lima;Wagner Reway;62:52;97:25;01:36;02:22;06:13;06:34;03:16;06:35;03:33;00:47;00:59;01:50;15:37;18:08
17;FORTALEZA;RB BRAGANTINO;Wagner do Nascimento Magalhaes;Diego Pombo Lopez;50:41;104:32;02:13;03:18;16:20;07:44;05:47;02:48;04:23;02:49;01:21;06:10;30:04;22:49
17;SPORT RECIFE;SANTOS;Rafael Rodrigo Klein;Braulio da Silva Machado;51:47;102:55;01:58;01:28;11:12;16:35;03:26;01:18;02:56;01:42;04:59;04:47;24:31;25:50:00
17;PALMEIRAS;GRÊMIO;Paulo Cesar Zanovelli da Silva;Rodrigo D'Alonso Ferreira;57:55;96:46;00:51;03:02;09:42;08:39;04:56;04:24;01:18;01:46;00;03:26;16:47;21:17
17;SÃO PAULO;FLUMINENSE;Davi De Oliveira Lacerda;Marco Aurelio Augusto Fazekas Ferreira;55:34;100:49;03:21;01:30;04:08;09:43;05:08;05:35;03:21;00:57;05:07;05:42;21:05;23:27
17;CRUZEIRO;CEARÁ;Raphael Claus;Paulo Renato Moreira da Silva Coelho;53:50;100:21;01:15;08:45;09:54;05:18;04:24;03:43;04:49;02:22;03:14;02:01;23:36;22:09
17;INTERNACIONAL;VASCO DA GAMA;Flavio Rodrigues de Souza;Rodolpho Toski Marques;54:47;104:15;03:39;08:46;07:51;08:44;05:26;04:30;04:20;02:51;01:25;01:10;22:41;26:01:00
17;BAHIA;JUVENTUDE;Matheus Delgado Candançan;Gilberto Rodrigues Castro Junior;53:46;95:55;00:27;03:52;10:06;09:28;01:58;04:03;01:03;00:34;02:51;07:05;16:25;25:02:00
17;FLAMENGO;ATLÉTICO-MG;Ramon Abatti Abel;Marcio Henrique de Gois;54:32;100:06;00:36;02:22;16:59;09:47;03:45;02:54;02:03;02:55;00;03:31;23:23;21:29
18;SPORT RECIFE;BAHIA;Anderson Daronco;Igor Junio Benevenuto de Oliveira;55:43;97:40;05:48;04:23;03:50;04:59;05:04;07:22;01:52;02:27;03:15;01:57;19:49;21:08
18;MIRASSOL;VASCO DA GAMA;Wilton Pereira Sampaio;Rodrigo D'Alonso Ferreira;55:16;97:05;03:37;03:50;07:13;07:06;02:33;02:36;02:37;02;04:28;05:08;20:28;20:40
18;FLUMINENSE;GRÊMIO;Lucas Paulo Torezin;Rodolpho Toski Marques;50:33;100:30;05:50;06:20;09:03;04:48;06:14;03:41;03:16;03:29;05:34;00:59;29:57;19:17
18;BOTAFOGO;CRUZEIRO;Matheus Delgado Candançan;Gilberto Rodrigues Castro Junior;56:32;98:44;01:35;05:58;03:47;10:21;02:08;04:58;02:37;03:08;06:59;00;17:06;24:25:00
18;CORINTHIANS;FORTALEZA;Felipe Fernandes de Lima;Daniel Nobre Bins;61:29;101:33;01:15;03:12;09:11;06:28;04:50;05:24;03:11;01:30;01:14;03:01;19:41;19:35
18;ATLÉTICO-MG;RB BRAGANTINO;Bruno Arleu de Araujo;Braulio da Silva Machado;50:16;99:05;01;07:54;11:18;06:58;05:11;05;06:59;00;01:36;02:05;26:04;21:57
18;CEARÁ;FLAMENGO;Rodrigo Jose Pereira de Lima;Ilbert Estevam da Silva;53:26;97:18;04:27;00:41;07:54;11:38;04:27;02:31;01:42;04:45;04;01:06;22:30;20:41
18;VITÓRIA;PALMEIRAS;Davi De Oliveira Lacerda;Paulo Renato Moreira da Silva Coelho;49:06;101:06;02:52;04:30;14:14;05:35;06:59;03:52;04:34;00:40;02:25;05:20;31:04;19:57
18;INTERNACIONAL;SÃO PAULO;Alex Gomes Stefano;Pablo Ramon Goncalves Pinheiro;52:49;98:21;00:20;03:28;09:14;10:40;01:44;06:35;01:31;02:46;07:19;00:58;20:08;24:27:00
18;SANTOS;JUVENTUDE;Paulo Cesar Zanovelli da Silva;Rafael Traci;50:27;98:54;03:04;03:34;12:19;09:13;01:38;04:18;01:32;03:17;03:17;05:27;21:50;25:49:00
19;SÃO PAULO;VITÓRIA;Bruno Arleu de Araujo;Daniel Nobre Bins;53:40;99:36;02:35;04:31;09:39;09:08;05:13;05:14;02:44;01:19;01:51;02:48;22:02;23:00
19;RB BRAGANTINO;INTERNACIONAL;Felipe Fernandes de Lima;Caio Max Augusto Vieira;60:14;99:23;02:12;05:40;04:57;05:08;04:06;02:31;05:16;03:06;03:06;03:42;19:37;20:07
19;FLAMENGO;MIRASSOL;Paulo Cesar Zanovelli da Silva;Diego Pombo Lopez;49:42;97:50;04:12;02:50;11:09;08:40;02:52;02:57;05:39;04:56;00:56;03;24:48;22:23
19;FORTALEZA;BOTAFOGO;Anderson Daronco;Thiago Duarte Peixoto;51:47;101:28;01:57;01:05;09:45;09:41;03:12;01:27;02:01;04:24;14:29;01:05;31:24;17:42
19;BAHIA;FLUMINENSE;Jefferson Ferreira de Moraes;Emerson de Almeida Ferreira;50:17;104:55;02:22;05:04;09:10;15:07;02:12;05:16;03:36;01:27;05:08;04:37;22:28;31:31:00
19;VASCO DA GAMA;ATLÉTICO-MG;Davi De Oliveira Lacerda;Rafael Traci;52:40;101:45;03:19;08:09;05:16;06:23;03:24;05:10;03:48;05:42;06:32;00:58;22:19;26:22:00
19;PALMEIRAS;CEARÁ;Lucas Paulo Torezin;Igor Junio Benevenuto de Oliveira;54:05;99:53;01:28;03:29;11:03;08:47;03:29;05:52;01:07;02:33;05:04;02:19;22:11;23:00
19;CRUZEIRO;SANTOS;Wilton Pereira Sampaio;Paulo Renato Moreira da Silva Coelho;43:03;101:47;02:55;09:54;05:52;15:48;05:29;03:33;07:31;01:47;03:06;01:51;24:53;32:53:00
19;GRÊMIO;SPORT RECIFE;Yuri Elino Ferreira da Cruz;Ilbert Estevam da Silva;56:06;96:55;02:34;04:14;09;08:06;02:45;06:54;01:57;00:56;02:42;00:54;18:58;21:04
19;JUVENTUDE;CORINTHIANS;Lucas Casagrande;Gilberto Rodrigues Castro Junior;53:38;99:56;06:02;04:20;06:43;09:33;04:38;02:50;02:07;01:21;01:50;06:06;21:20;24:10:00
20;FLUMINENSE;FORTALEZA;Rafael Rodrigo Klein;Gilberto Rodrigues Castro Junior;55:06;101:53;03:32;02:24;10:12;09:23;05:15;04:57;01:32;03:41;02:31;02:38;23:02;23:03
20;CEARÁ;RB BRAGANTINO;Yuri Elino Ferreira da Cruz;Diego Pombo Lopez;49:52;97:55;04:45;01:25;12:04;14:14;03:07;03:41;01:53;02:05;00;04:04;21:49;25:29:00
20;SPORT RECIFE;SÃO PAULO;Lucas Paulo Torezin;Igor Junio Benevenuto de Oliveira;48:49;100:19;05:55;01:28;12:33;08:55;05:10;02:43;02:05;04:13;03:12;04:27;28:55;21:46
20;VITÓRIA;JUVENTUDE;Raphael Claus;Rodrigo Carvalhaes de Miranda;48:35;106:42;01:12;04:23;18;11:38;03:48;04:14;01:55;02:09;03:05;07:01;28:00;29:25:00
20;CORINTHIANS;BAHIA;Paulo Cesar Zanovelli da Silva;Rafael Traci;50:46;109:55;00:46;07:37;10:28;13:23;02:40;03:30;04:17;00:21;03:03;12:09;21:14;37:00:00
20;SANTOS;VASCO DA GAMA;Ramon Abatti Abel;Rodrigo D'Alonso Ferreira;47:29;96:25;00:41;02:29;08:35;09:02;04:41;04:39;01:11;01:34;10:59;04:23;26:07;22:07
20;ATLÉTICO-MG;GRÊMIO;Alex Gomes Stefano;Caio Max Augusto Vieira;51:11;102:46;02:01;04:24;11;14:20;02:02;04:10;01:47;02:21;05:28;03:13;22:18;28:28:00
20;INTERNACIONAL;FLAMENGO;Rodrigo Jose Pereira de Lima;Ilbert Estevam da Silva;60:45;95:53;01:53;01:57;02:55;05:19;05:57;04:02;04:01;02:49;03:31;01:56;18:17;16:03
20;BOTAFOGO;PALMEIRAS;Davi De Oliveira Lacerda;Rodolpho Toski Marques;65:28;99:00;03:11;02:47;06:22;05:40;04:13;03:44;02:13;02:27;02;00:23;17:59;15:01
20;MIRASSOL;CRUZEIRO;Bruno Arleu de Araujo;Carlos Eduardo Nunes Braga;46:26;101:20;01:14;08:34;05:46;16:25;04:59;06:50;06:03;01:30;01:06;01:26;19:08;34:45:00
21;RB BRAGANTINO;FLUMINENSE;Lucas Paulo Torezin;Rafael Traci;59:09;103:17;04:45;00:57;07:31;09:31;04:21;03:46;01:10;03:21;02:56;05:06;20:43;22:41
21;CRUZEIRO;INTERNACIONAL;Matheus Delgado Candançan;Gilberto Rodrigues Castro Junior;50:57;97:44;02:28;04:46;14:10;06:14;05:10;04:32;02:33;00:32;02:02;03:30;26:23;19:34
21;GRÊMIO;CEARÁ;Davi De Oliveira Lacerda;Rodolpho Toski Marques;53:05;99:10;02:24;06:57;09:12;10:14;05:36;05:38;01:36;00:30;00:16;02:54;19:04;26:13:00
21;BAHIA;SANTOS;Rafael Rodrigo Klein;Caio Max Augusto Vieira;55:33;95:52;02:49;04:04;13:07;05:10;05:04;04:49;01:19;00;00;03:16;22:19;17:19
21;VASCO DA GAMA;CORINTHIANS;Rodrigo Jose Pereira de Lima;Pablo Ramon Goncalves Pinheiro;50:53;103:00;01:27;04:13;08:22;09:09;04:49;04:33;00:57;03:09;10:04;04:29;25:39;25:33:00
21;FORTALEZA;MIRASSOL;Bruno Pereira Vasconcelos;Wagner Reway;57:55;104:33;00:39;02:13;09:01;11:10;03:17;06:58;05:54;01:48;04:29;00:21;23:20;22:30
21;JUVENTUDE;BOTAFOGO;Flavio Rodrigues de Souza;Ilbert Estevam da Silva;61:32;102:45;01:57;02:20;09:15;07:38;03:04;02:24;02:26;01:14;03:59;06:19;20:41;19:55
21;SÃO PAULO;ATLÉTICO-MG;Lucas Casagrande;Rodrigo D'Alonso Ferreira;56:47;99:54;02:22;03:40;11:58;07:46;04:47;04:08;03:14;00:21;00:07;03:56;22:28;19:51
21;PALMEIRAS;SPORT RECIFE;Paulo Cesar Zanovelli da Silva;Paulo Renato Moreira da Silva Coelho;49:48;101:48;03:42;16:05;07:21;06:49;03:18;03:08;03:38;01:17;00:36;05:16;18:35;32:35:00
21;FLAMENGO;VITÓRIA;Felipe Fernandes de Lima;Marco Aurelio Augusto Fazekas Ferreira;55:23;90:11;00;01:27;01:30;05:52;02:08;02:19;05:03;00:26;05:25;10:07;14:06;20:11
22;CEARÁ;JUVENTUDE;Afro Rocha de Carvalho Filho;Adriano de Assis Miranda;56:52;102:14;00:40;00:49;10:06;12:11;03:47;05:12;03:39;02:56;03:06;02:05;21:18;23:13
22;BOTAFOGO;RB BRAGANTINO;Lucas Casagrande;Diego Pombo Lopez;51:14;98:25;04:42;04:41;08:04;04:58;02:45;03:02;03:23;03:29;03:56;04:54;22:50;21:04
22;CRUZEIRO;SÃO PAULO;Anderson Daronco;Wagner Reway;51:50;99:06;05:13;03:15;09:56;06:46;03:11;04:55;04:15;04:44;01:22;02:50;23:57;22:30
22;FLAMENGO;GRÊMIO;Paulo Cesar Zanovelli da Silva;Ilbert Estevam da Silva;56:13;97:58;01:39;04:24;04:58;09:04;01:08;05:36;04:58;00;05:07;04:13;17:50;23:17
22;SANTOS;FLUMINENSE;Wilton Pereira Sampaio;Emerson de Almeida Ferreira;53:30;101:50;01:47;02:55;10:46;14:04;02:13;07:25;03:31;00:35;01:51;02:22;20:08;27:21:00
22;MIRASSOL;BAHIA;Marcelo de Lima Henrique;Rodrigo D'Alonso Ferreira;52:49;91:01;03:15;00:48;03:04;07:36;05:16;03:18;01:57;00:41;00:40;10:56;14:12;23:19
22;CORINTHIANS;PALMEIRAS;Ramon Abatti Abel;Rafael Traci;50:07;101:14;04;01:35;11:57;08:07;03:15;03:35;01:17;05:12;04:57;06:22;25:26;24:51:00
22;VITÓRIA;ATLÉTICO-MG;Alex Gomes Stefano;Marcio Henrique de Gois;53:33;102:20;05:27;01:22;14:11;12:31;05:07;02:40;01:20;02:07;00:24;02:43;26:29;21:23
22;INTERNACIONAL;FORTALEZA;Joao Vitor Gobi;Paulo Renato Moreira da Silva Coelho;57:09;98:17;01:04;03:19;07:49;08:45;03:39;02:58;02:45;02:31;04:35;03:03;19:52;20:36
22;SPORT RECIFE;VASCO DA GAMA;Raphael Claus;Marco Aurelio Augusto Fazekas Ferreira;54:05;100:51;00:13;02:25;05:36;07:17;02:08;03:23;04:54;02:30;08:42;08:51;21:33;24:26:00
23;GRÊMIO;MIRASSOL;Lucas Casagrande;Caio Max Augusto Vieira;59:39;102:20;02:29;02:09;05:57;11:48;04:33;05:18;03:07;02:32;03:12;00:44;19:18;22:31
23;FORTALEZA;VITÓRIA;Edina Alves Batista;Adriano de Assis Miranda;50:40;101:55;07:14;01:50;11:53;09:52;04:28;04:33;02:14;00:46;02:29;04:25;28:18;21:26
23;PALMEIRAS;INTERNACIONAL;Lucas Paulo Torezin;Diego Pombo Lopez;57:05;94:38;02:13;03:54;05:42;07:02;03:15;01:40;03:01;00:23;03:51;05:49;18:02;18:48
23;FLUMINENSE;CORINTHIANS;Felipe Fernandes de Lima;Daniel Nobre Bins;59:15;96:49;01:07;02:29;09:29;08:41;03:10;05:14;01:35;02:50;01:53;00:26;17:14;19:40
23;RB BRAGANTINO;SPORT RECIFE;Anderson Daronco;Carlos Eduardo Nunes Braga;48:30;99:58;03:15;03:30;07:19;08:16;08:38;03:53;03:19;02:51;05:53;03:48;28:24;22:18
23;ATLÉTICO-MG;SANTOS;Bruno Arleu de Araujo;Wagner Reway;53:19;108:59;04:01;05:25;05:44;11:25;03:09;06:01;03:02;01:44;10:19;03:55;26:15;28:30:00
23;JUVENTUDE;FLAMENGO;Raphael Claus;Rafael Traci;51:10;95:40;02:46;01:26;07:02;11:31;04:49;05:42;02:47;03:58;02:25;01:17;19:49;23:54
23;SÃO PAULO;BOTAFOGO;Wilton Pereira Sampaio;Marco Aurelio Augusto Fazekas Ferreira;58:45;100:54;02:12;01:20;07:15;07:09;06:36;05:54;02:24;01:13;00;07:11;18:27;22:47
23;VASCO DA GAMA;CEARÁ;Matheus Delgado Candançan;Jose Claudio Rocha Filho;51:31;100:21;02:12;06:22;09:12;08:05;02:44;09:10;01:27;01:48;03:09;03:58;18:44;29:23:00
23;BAHIA;CRUZEIRO;Flavio Rodrigues de Souza;Thiago Duarte Peixoto;52:26;98:27;01:53;03:29;06:05;09:11;01:36;08:03;02:08;03:27;05:46;04;17:28;28:10:00
24;VITÓRIA;FLUMINENSE;Matheus Delgado Candançan;Marcio Henrique de Gois;51:04;103:15;02:14;04:55;11:10;13:54;03:38;03:25;05:22;02:43;03:58;00;26:22;24:57:00
24;CEARÁ;BAHIA;Lucas Casagrande;Paulo Renato Moreira da Silva Coelho;50:35;101:10;05:53;04:52;08:15;08:25;03:56;07:41;01:47;03:50;03:47;01:19;23:38;26:07:00
24;BOTAFOGO;ATLÉTICO-MG;Flavio Rodrigues de Souza;Thiago Duarte Peixoto;57:17;101:20;04:43;02:24;04:25;09:49;06:06;04:21;03:16;02:26;01:59;03:50;20:29;22:50
24;PALMEIRAS;FORTALEZA;Alex Gomes Stefano;Daniel Nobre Bins;51:01;97:08;00:13;05:11;07:22;04:43;02:28;02:05;05:42;01:05;07:25;06:41;23:10;19:45
24;MIRASSOL;JUVENTUDE;Davi De Oliveira Lacerda;Wagner Reway;57:15;97:50;04:43;03:07;04:33;04:12;04:31;05:14;03:17;04:41;02:07;03:18;19:11;20:32
24;SPORT RECIFE;CORINTHIANS;Savio Pereira Sampaio;Pablo Ramon Goncalves Pinheiro;44:30;103:33;10:52;01:12;03:57;16:29;05:06;08:45;04:15;04:11;00:26;02:59;24:36;33:36:00
24;FLAMENGO;VASCO DA GAMA;Rafael Rodrigo Klein;Caio Max Augusto Vieira;53:12;99:33;01:43;04:27;08:15;10:21;03:32;04:22;00:47;03:24;06:35;01:08;20:52;23:42
24;INTERNACIONAL;GRÊMIO;Marcelo de Lima Henrique;Rodrigo D'Alonso Ferreira;48:27;113:50;01:07;07:51;10:03;09:01;04:26;03:02;04:56;00:25;21:44;02:03;42:16;22:22
24;CRUZEIRO;RB BRAGANTINO;Lucas Paulo Torezin;Diego Pombo Lopez;50:11;100:30;02:16;07:16;11:36;07:04;04:42;03;03:23;02:40;03:59;04:42;25:56;24:42:00
24;SANTOS;SÃO PAULO;Rodrigo Jose Pereira de Lima;Ilbert Estevam da Silva;53:19;103:01;01:53;02:56;14:19;07:42;02:55;05:24;02:51;02:55;01:33;06:24;23:31;25:21:00
25;FORTALEZA;SPORT RECIFE;Davi De Oliveira Lacerda;Daiane Muniz;52:30;99:57;02:15;02:39;09:47;10:23;05:02;06:15;04:56;03:48;00:18;01:15;22:18;24:20:00
25;JUVENTUDE;INTERNACIONAL;Matheus Delgado Candançan;Diego Pombo Lopez;48:55;97:52;01:32;05:05;07:35;14:24;04:37;03:40;02:33;00:20;02:35;05:35;18:52;29:04:00
25;VASCO DA GAMA;CRUZEIRO;Rodrigo Jose Pereira de Lima;Ilbert Estevam da Silva;52:35;100:05;08:49;02:07;06:56;07:08;03:23;06:15;01:47;04:20;00;05;20:55;24:50:00
25;ATLÉTICO-MG;MIRASSOL;Rafael Rodrigo Klein;Pablo Ramon Goncalves Pinheiro;56:01;106:34;11:24;01:59;07:58;07:19;04:09;03:13;02:32;05:53;02:24;02:57;28:27;21:21
25;GRÊMIO;VITÓRIA;Raphael Claus;Thiago Duarte Peixoto;51:50;99:47;04:42;02:05;09:47;04:37;04:27;08:43;01:01;02:34;04:32;04:47;24:29;22:46
25;BAHIA;PALMEIRAS;Anderson Daronco;Caio Max Augusto Vieira;51:35;102:55;04:54;02:32;09:50;13:17;03:56;05:44;00:05;03:05;00:38;06:28;19:23;31:06:00
25;FLUMINENSE;BOTAFOGO;Ramon Abatti Abel;Daniel Nobre Bins;54:08;97:40;06:06;02:18;07:32;04:46;09:15;04:56;02:36;00:51;00;04:27;25:29;17:18
25;RB BRAGANTINO;SANTOS;Flavio Rodrigues de Souza;Adriano de Assis Miranda;55:17;97:17;04:51;04:10;06:06;04:21;04:01;03:54;02:10;03:51;03:35;04:12;20:43;20:28
25;CORINTHIANS;FLAMENGO;Wilton Pereira Sampaio;Wagner Reway;52:52;100:30;05:12;04:49;06:42;06:49;04:58;04:11;02:06;01:13;05:57;04:25;24:55;21:27
25;SÃO PAULO;CEARÁ;Bruno Arleu de Araujo;Rodrigo Nunes de Sa;58:44;99:03;00;04:16;09:03;08:22;03:11;04:30;03:14;01:20;02:44;02:53;18:12;21:21
26;ATLÉTICO-MG;JUVENTUDE;Lucas Casagrande;Jose Claudio Rocha Filho;55:09;107:01;01:41;08:10;06:52;12:33;06:54;06:07;03:09;00:28;04:55;00:30;23:31;27:48:00
26;PALMEIRAS;VASCO DA GAMA;Rafael Rodrigo Klein;Daniel Nobre Bins;55:53;93:51;02:02;04:21;08:48;04:56;03:32;01:57;00:23;01:21;05:07;04:53;19:52;17:28
26;MIRASSOL;RB BRAGANTINO;Wilton Pereira Sampaio;Rodrigo Guarizo Ferreira do Amaral;51:34;101:04;01:35;04:40;06:12;09:33;04:49;05:20;04:20;02:42;05:52;03:25;22:48;25:40:00
26;SPORT RECIFE;FLUMINENSE;Raphael Claus;Ilbert Estevam da Silva;51:46;106:35;01:18;03:02;10:05;13:14;03:09;06:40;01:45;00:39;03;11:13;19:17;34:48:00
26;INTERNACIONAL;CORINTHIANS;Rodrigo Jose Pereira de Lima;Gilberto Rodrigues Castro Junior;54:05;109:07;00:19;01:55;08:22;18:35;04:12;08:34;01:35;01:43;07:23;01:28;21:51;32:15:00
26;SANTOS;GRÊMIO;Paulo Cesar Zanovelli da Silva;Diego Pombo Lopez;50:44;103:04;00:14;07:16;10:52;11:50;02:49;04:52;05:55;00;05:14;02:23;25:04;26:21:00
26;BOTAFOGO;BAHIA;Felipe Fernandes de Lima;Thiago Duarte Peixoto;51:05;103:00;02:07;02:36;10:24;18:59;02:20;02:34;03:28;01:45;02:25;04:33;20:44;30:27:00
26;VITÓRIA;CEARÁ;Matheus Delgado Candançan;Carlos Eduardo Nunes Braga;48:54;97:51;04:52;01:15;15:22;07:53;03:40;06:35;02:59;01:56;01:25;02:19;28:18;19:58
26;FORTALEZA;SÃO PAULO;Anderson Daronco;Wagner Reway;54:43;102:00;01:31;08:58;07:18;08:09;04:08;04:50;03:02;04:12;03:14;01:04;19:13;27:13:00
26;FLAMENGO;CRUZEIRO;Ramon Abatti Abel;Caio Max Augusto Vieira;52:58;99:53;00:23;03:44;11:04;13:47;03:05;06:35;02:44;01:17;01:32;00:50;18:48;26:13:00
27;FLUMINENSE;ATLÉTICO-MG;Davi De Oliveira Lacerda;Thiago Duarte Peixoto;59:54;99:31;02:25;02:30;10:26;07:48;01:56;05:31;03:02;01;00:25;04:02;18:14;20:51
27;RB BRAGANTINO;GRÊMIO;Lucas Casagrande;Gilberto Rodrigues Castro Junior;57:59;114:12;01:46;11:33;10:54;12:02;00:56;05:34;03;01:14;08:31;00;25:07;30:23:00
27;INTERNACIONAL;BOTAFOGO;Flavio Rodrigues de Souza;Rodrigo Guarizo Ferreira do Amaral;55:36;98:06;07:51;01:50;07:28;08:15;04:03;03:50;03:09;01:01;00;04:13;22:31;19:09
27;CORINTHIANS;MIRASSOL;Felipe Fernandes de Lima;Marcio Henrique de Gois;46:49;103:08;06:02;00:48;08:05;14:44;04:07;05:25;01;03:04;06:54;05:18;26:08;29:19:00
27;SÃO PAULO;PALMEIRAS;Ramon Abatti Abel;Ilbert Estevam da Silva;43:11;102:07;04:12;05:09;09:06;07:15;13:07;07:12;02:05;02:59;04:28;02:31;32:58;25:06:00
27;VASCO DA GAMA;VITÓRIA;Fernando Antonio Mendes;Caio Max Augusto Vieira;48:41;113:27;01:03;04:18;06:19;10:54;06:26;05:58;02:12;00;12:46;04:39;28:46;25:49:00
27;BAHIA;FLAMENGO;Rodrigo Jose Pereira de Lima;Wagner Reway;59:19;99:05;01:50;02:12;08:52;11:17;05:37;03:45;01:13;00:29;01:33;02:17;19:05;20:00
27;JUVENTUDE;FORTALEZA;Lucas Paulo Torezin;Paulo Renato Moreira da Silva Coelho;49:18;101:54;04:17;03:20;07:52;09:28;05:56;03:05;04:35;01:29;09:17;02:24;31:57;19:46
27;CEARÁ;SANTOS;Anderson Daronco;Rafael Traci;51:18;98:57;05:36;00:33;11:55;07:42;05:31;04:13;01:50;04:07;00;05:38;24:52;22:13
27;CRUZEIRO;SPORT RECIFE;Jefferson Ferreira de Moraes;Jose Claudio Rocha Filho;53:04;103:16;01:42;06:01;09:31;09:34;04:40;05:12;04:49;02:06;05:04;00:45;25:46;23:38
28;PALMEIRAS;RB BRAGANTINO;Raphael Claus;Daniel Nobre Bins;52:12;101:48;02:13;03:15;07:35;05:12;04:05;05:18;05:04;01:23;03:06;11:40;22:03;26:48:00
28;BOTAFOGO;FLAMENGO;Alex Gomes Stefano;Rodolpho Toski Marques;53:44;96:02;02:46;03:12;07:14;10:27;01:41;05:08;01:20;00:59;06:44;02:01;19:45;21:47
28;MIRASSOL;INTERNACIONAL;Bruno Arleu de Araujo;Marco Aurelio Augusto Fazekas Ferreira;55:34;99:50;03:21;04:24;06:15;07:26;06:45;02:50;02:57;01:01;04:08;04:27;23:26;20:08
28;SPORT RECIFE;CEARÁ;Savio Pereira Sampaio;Pablo Ramon Goncalves Pinheiro;50:29;98:03;02:22;04:10;10:34;12:36;03:07;05:12;01:42;02:20;03:30;01:15;21:15;25:33:00
28;FORTALEZA;VASCO DA GAMA;Wilton Pereira Sampaio;Rodrigo Guarizo Ferreira do Amaral;50:51;101:27;03:11;05:42;09:11;10:39;03:10;02:55;06:39;03:36;02:40;02:03;24:51;24:55:00
28;ATLÉTICO-MG;CRUZEIRO;Paulo Cesar Zanovelli da Silva;Rodrigo D'Alonso Ferreira;46:39;108:07;01:41;11:37;08:53;15:52;01:41;05:33;00:36;00:42;01:53;11:59;14:44;45:43:00
28;SANTOS;CORINTHIANS;Flavio Rodrigues de Souza;Wagner Reway;49:46;99:00;01:01;02:56;11:20;07:10;05:40;04:42;03:06;01:12;06:01;05:23;27:08;21:23
28;GRÊMIO;SÃO PAULO;Davi De Oliveira Lacerda;Rodrigo Nunes de Sa;59:48;101:14;06:28;03:49;07:36;07:26;02:35;02:56;02:43;01:10;03:25;02:44;22:47;18:05
28;VITÓRIA;BAHIA;Anderson Daronco;Rafael Traci;45:33;104:29;05;00:29;09:12;14:46;06:26;04:31;02:04;03:24;05:12;06:25;27:54;29:35:00
28;FLUMINENSE;JUVENTUDE;Jefferson Ferreira de Moraes;Emerson de Almeida Ferreira;53:23;102:51;01:37;05:05;08:58;08:40;03:48;06:58;05:23;01:10;04:42;02:20;24:28;24:13:00
29;CORINTHIANS;ATLÉTICO-MG;Alex Gomes Stefano;Daniel Nobre Bins;52:35;99:14;01:21;04:39;11:43;09:59;04:48;04:09;02:48;00:53;03:59;01:29;24:39;21:09
29;CRUZEIRO;FORTALEZA;Rodrigo Jose Pereira de Lima;Wagner Reway;55:29;98:35;05:34;02:38;06:36;04:58;07:59;04:20;01:52;02:38;02:45;01:42;24:46;16:16
29;FLAMENGO;PALMEIRAS;Wilton Pereira Sampaio;Caio Max Augusto Vieira;52:58;103:36;03:17;01:21;11:24;07:39;02:13;07:01;00:06;03:49;07:40;05:15;24:40;25:05:00
29;INTERNACIONAL;SPORT RECIFE;Lucas Paulo Torezin;Paulo Renato Moreira da Silva Coelho;53:23;98:42;02:40;02:25;09:30;10:42;04:14;04:48;02:33;02:11;01:44;03:48;20:41;23:54
29;CEARÁ;BOTAFOGO;Davi De Oliveira Lacerda;Diego Pombo Lopez;52:54;100:23;01:29;10:11;07:19;09:49;02:59;03:56;03:29;03:05;04:06;00;19:22;27:01:00
29;MIRASSOL;SÃO PAULO;Matheus Delgado Candançan;Rodrigo D'Alonso Ferreira;51:59;99:50;03:54;00:40;10:06;04:43;04:21;04:38;01:35;02:34;11:12;03:19;31:08;15:54
29;BAHIA;GRÊMIO;Raphael Claus;Rodolpho Toski Marques;53:39;97:18;05:52;02:27;06:52;06:26;04:30;02:30;06:33;01:55;00;05:51;23:47;19:09
29;JUVENTUDE;RB BRAGANTINO;Felipe Fernandes de Lima;Marco Aurelio Augusto Fazekas Ferreira;50:15;102:00;04:37;03:37;14:48;10:30;06:08;03:37;02:05;01:13;01:20;02:54;28:58;21:51
29;VASCO DA GAMA;FLUMINENSE;Wagner do Nascimento Magalhaes;Rafael Traci;55:03;99:43;02:58;02:11;13:22;06:29;05:23;05:55;00:42;02:16;01:01;03:35;23:26;20:26
29;SANTOS;VITÓRIA;Rafael Rodrigo Klein;Emerson de Almeida Ferreira;50:40;102:50;02:10;06:06;08:39;09:33;05:53;06:13;01:35;01:47;03:47;05:37;22:04;29:16:00
30;ATLÉTICO-MG;CEARÁ;Bruno Arleu de Araujo;Rodrigo Guarizo Ferreira do Amaral;60:05;99:03;05:14;00:44;07:26;05:08;04:53;03:06;03:18;03:30;00;04:55;20:51;17:23
30;VITÓRIA;CORINTHIANS;Wilton Pereira Sampaio;Braulio da Silva Machado;45:23;102:18;00:41;06:05;09:14;17:17;06:58;03:42;03:35;03:43;04:47;00;25:15;30:47:00
30;FLUMINENSE;INTERNACIONAL;Raphael Claus;Thiago Duarte Peixoto;58:59;96:32;02:29;04:21;03:51;07:04;07:27;03:04;03:31;01:45;00:29;02:50;17:47;19:04
30;SPORT RECIFE;MIRASSOL;Jefferson Ferreira de Moraes;Paulo Renato Moreira da Silva Coelho;58:41;101:16;06:07;03:12;06:25;06:54;06:17;02:38;02:59;00:34;02:45;04:07;24:33;17:25
30;FORTALEZA;FLAMENGO;Davi De Oliveira Lacerda;Wagner Reway;53:58;96:00;07:05;00:45;09:01;05:40;05:20;03:47;02:34;05:24;00:12;01:23;24:12;16:59
30;SÃO PAULO;BAHIA;Lucas Paulo Torezin;Rafael Traci;57:14;100:45;02:52;01:15;07:27;06:19;07:42;05:08;01:55;01:21;03:21;03:34;23:17;17:37
30;BOTAFOGO;SANTOS;Rodrigo Jose Pereira de Lima;Marco Aurelio Augusto Fazekas Ferreira;53:25;102:26;02:01;03:43;05:33;13:41;03:06;03:15;03:35;02:46;03:26;07:10;17:41;30:35:00
30;GRÊMIO;JUVENTUDE;Alex Gomes Stefano;Carlos Eduardo Nunes Braga;43:22;101:37;00:57;05:33;19:05;05:14;05:32;04:46;04:28;01:55;04:59;05:02;35:01;22:30
30;RB BRAGANTINO;VASCO DA GAMA;Savio Pereira Sampaio;Diego Pombo Lopez;58:23;96:14;02:26;06:06;01:43;08:50;04:14;03:30;01:54;01:25;06:41;00:16;16:58;20:07
30;PALMEIRAS;CRUZEIRO;Rafael Rodrigo Klein;Daniel Nobre Bins;42:14;103:30;03:35;08:40;08:31;24:22;02:33;04:49;01:45;04:33;00:01;01:29;16:25;43:53:00
31;SANTOS;FORTALEZA;Anderson Daronco;Caio Max Augusto Vieira;50:31;101:32;00:52;05:20;14:10;10:46;02:37;06:38;03:03;01:55;01:03;03:46;21:45;28:25
31;CRUZEIRO;VITÓRIA;Jefferson Ferreira de Moraes;Rodrigo D'Alonso Ferreira;48:54;101:16;02:24;02:15;07:03;07:00;08:09;03:55;03:03;00:56;04:34;12:16;25:13;26:22
31;MIRASSOL;BOTAFOGO;Jonathan Benkenstein Pinheiro;Daniel Nobre Bins;51:03;95:02;02:36;01:52;12:10;05:50;06:02;07:35;02:55;01:16;01:54;01:01;25:37;17:34
31;FLAMENGO;SPORT RECIFE;Fernando Antonio Mendes;Rafael Traci;52:22;100:02;00:29;05:22;06:49;10:54;01:31;05:28;03:35;02:52;03:36;06:23;16:00;30:59
31;BAHIA;RB BRAGANTINO;Marcelo de Lima Henrique;Antonio Magno Lima Cordeiro;50:42;101:56;00:32;04:07;12:14;09:39;03:03;06:34;01:29;02:20;05:06;05:22;22:24;28:02
31;CEARÁ;FLUMINENSE;Lucas Paulo Torezin;Braulio da Silva Machado;54:07;102:35;04:06;02:58;13:56;07:46;03:15;07:23;02:32;02:11;00:00;03:38;23:49;23:56
31;CORINTHIANS;GRÊMIO;Davi De Oliveira Lacerda;Rodrigo Nunes de Sa;53:14;98:13;07:49;03:30;03:29;07:34;06:26;02:23;02:59;04:11;02:05;03:42;22:48;21:20
31;JUVENTUDE;PALMEIRAS;Savio Pereira Sampaio;Rodolpho Toski Marques;52:45;96:03;01:17;03:02;07:19;09:52;06:12;07:57;01:29;00:34;04:00;00:40;20:17;22:05
31;INTERNACIONAL;ATLÉTICO-MG;Alex Gomes Stefano;Carlos Eduardo Nunes Braga;50:33;105:23;00:14;05:50;09:17;20:25;02:59;09:05;03:24;00:26;01:46;00:37;17:40;36:23
31;VASCO DA GAMA;SÃO PAULO;Wilton Pereira Sampaio;Wagner Reway;59:54;102:00;00:45;03:41;09:46;05:44;01:49;05:34;02:57;02:32;03:07;05:33;18:24;23:04